fecha_presentacion,proyecto_ley,id,proponente,cargo,comision,estado,texto_proyecto_ley_pdf_presente,texto_proyecto_ley,texto_1debate_pdf_presente,texto_1debate,texto_2debate_pdf_presente,texto_2debate,texto_aprobado_pleno_pdf_presente,texto_aprobado_pleno,objecion_parcial_pdf_presente,objecion_parcial,objecion_total_pdf_presente,objecion_total,texto_definitivo_pleno_pdf_presente,texto_definitivo_pleno,registro_oficial_pdf_presente,registro_oficial,termino_legislativo,matched_name,matching_score,coalition,party_2
3/5/24,Proyecto de Ley Orgánica de Inteligencia,AN-2024-2776,alarcon bueno ines margarita,ASAMBLEÍSTA/S,"Comisión de Soberanía, Integración y Seguridad Integral",En trámite / Revisión en Comisión para Primer Debate,1,https://ppless.asambleanacional.gob.ec/alfresco/d/d/workspace/SpacesStore/57da6184-de52-42d8-bf6c-8bcb3327d0ca/PP-PRO~1.PDF,1,https://ppless.asambleanacional.gob.ec/alfresco/d/d/workspace/SpacesStore/3ede42ee-b589-431f-a2ef-55d5f02e310b/inf-1d-judicial-432578-paz_compressed.pdf,1,https://ppless.asambleanacional.gob.ec/alfresco/d/d/workspace/SpacesStore/4a5eb38c-d588-46fc-a48d-152d67dac335/2d%20-%20informe%20comision.pdf,1,https://ppless.asambleanacional.gob.ec/alfresco/d/d/workspace/SpacesStore/99e8c987-c076-4589-917a-1b9b2cd8501a/ap-%20proyecto%20al%20Ejecutivo.pdf,0,,1,https://ppless.asambleanacional.gob.ec/alfresco/d/d/workspace/SpacesStore/cd120ddf-662e-4da8-a448-2995f13bb72e/objecion%20total%20-%20anexos_449203_merged.pdf,0,,0,,5,,,,ADN
11/29/23,PROYECTO DE LEY ORGANICA DE DEFENSA CONTRA INCENDIOS,AN-2023-2680,vega quezada cristhian,ASAMBLEÍSTA/S,Comisión de Gobiernos Autónomos Descentralización Competencias y Organización Territorio,Archivado / Registro de Objeción Total,1,https://ppless.asambleanacional.gob.ec/alfresco/d/d/workspace/SpacesStore/3905ae3f-1c2b-42cc-87c1-5d7be52a7a7d/pp%20PROYECTO%20DE%20LEY%20ORGANICA%20DE%20DEFENSA%20CONTRA%20INCENDIOS-2-25.pdf,1,https://ppless.asambleanacional.gob.ec/alfresco/d/d/workspace/SpacesStore/61ef7906-597a-4d17-8535-c12c3b2b4c99/1d%20-%20informe%20comision.pdf,1,https://ppless.asambleanacional.gob.ec/alfresco/d/d/workspace/SpacesStore/3d7b9ccd-7c9e-4f60-aadb-11b1defb6897/2d-%20informe%20comision.pdf,1,https://ppless.asambleanacional.gob.ec/alfresco/d/d/workspace/SpacesStore/77dc0119-2adc-422b-97a1-e6282220bdb7/ap%20-%20texto%20aprobado%20para%20objecion.pdf,0,,1,https://ppless.asambleanacional.gob.ec/alfresco/d/d/workspace/SpacesStore/51f3d337-ff6a-4dc9-aa21-9c8565371b90/objecion%20total.pdf,0,,0,,5,,,,RC
1/27/22,"Proyecto de Ley Orgánica de Seguridad Integral y Fortalecimiento de la
Fuerza Pública ",AN-2022-2219,lasso mendoza guillermo,PRESIDENTE DE LA REPÚBLICA DEL ECUADOR,"Comisión de Soberanía, Integración y Seguridad Integral",Publicado /,1,https://ppless.asambleanacional.gob.ec/alfresco/d/d/workspace/SpacesStore/71c1a6a8-cac5-4dbd-b7b8-93d2fa20ca23/pp-seg-int-414718-lasso.pdf,1,https://ppless.asambleanacional.gob.ec/alfresco/d/d/workspace/SpacesStore/f7380d4d-8776-490a-90d3-88d8c1301291/inf-1d-fort-cap-inst-AN-CSIS-2022-0393-M.pdf,1,https://ppless.asambleanacional.gob.ec/alfresco/d/d/workspace/SpacesStore/566c3372-5bf9-4735-bc9b-a282e325c776/inf-2d-Memorando%20Nro.%20AN-CSIS-2022-0842-M.pdf,1,https://ppless.asambleanacional.gob.ec/alfresco/d/d/workspace/SpacesStore/a4f57e75-eb8f-42eb-b9cb-e53dfb047541/pan-sejv-2023-0050195234001673619215.pdf,1,https://ppless.asambleanacional.gob.ec/alfresco/d/d/workspace/SpacesStore/bced1e41-4f45-4b57-8441-999e10c0c3a9/432467-lasso_compressed.pdf,0,,1,https://ppless.asambleanacional.gob.ec/alfresco/d/d/workspace/SpacesStore/c0ade649-e7f1-4db7-92f1-412dcfdc83ca/oficio_no._pan-sejv-2023-050.pdf,1,https://ppless.asambleanacional.gob.ec/alfresco/d/d/workspace/SpacesStore/3e358a95-7279-4bb4-b214-cf42c8dd4e6c/ro-279-supl-de-29-03-2023.pdf,4,,,,
6/28/21,Proyecto de Ley Orgánica para Garantizar el Derecho a la Interrupción Voluntaria del Embarazo en caso de Violación,AN-2021-2056,rovira jurado zaida elizabeth,DEFENSORA DEL PUEBLO (SUBROGANTE),Comisión de Justicia y Estructura del Estado,Publicado /,1,https://ppless.asambleanacional.gob.ec/alfresco/d/d/workspace/SpacesStore/5654476a-8247-41d7-8e45-99c0ca118190/pp-ref-apo-hum-vdesintonio.pdf,1,https://ppless.asambleanacional.gob.ec/alfresco/d/d/workspace/SpacesStore/4383660f-9a47-41dc-900c-3c971cf28b4b/inf.15_nov_21-loah_(1)-signed-signed-signed-signed-signed-signed.pdf,1,https://ppless.asambleanacional.gob.ec/alfresco/d/d/workspace/SpacesStore/2ea4bd95-cc0a-48c2-98c6-6f7b1cd02275/inf-2d-416651-jerves_compressed%20(3).pdf,1,https://ppless.asambleanacional.gob.ec/alfresco/d/d/workspace/SpacesStore/df6f66ad-e6d7-43e8-94e7-c8410659d214/ley_org%E1nica_derogatoria_a_diversas_leyes_(apoyo_humanitrio_-_covid-19)_recibido.pdf,0,,1,https://ppless.asambleanacional.gob.ec/alfresco/d/d/workspace/SpacesStore/b66ef445-e438-4a85-9f5f-bc4200b9aa8b/ot-422772-lasso.pdf,0,,0,,4,,,,
5/25/21,Proyecto de Ley Orgánica de Libre Expresión y Comunicación,AN-2021-2051,lasso mendoza guillermo,PRESIDENTE DE LA REPÚBLICA DEL ECUADOR,Comisión de Relaciones Internacionales y Movilidad Humana,Publicado /,1,https://ppless.asambleanacional.gob.ec/alfresco/d/d/workspace/SpacesStore/d034df6f-af29-4489-a91c-1c9727c3c2bd/pp-lib-exp-25-05-2021-403631-lasso.pdf,1,https://ppless.asambleanacional.gob.ec/alfresco/d/d/workspace/SpacesStore/bcdf3d99-9cc8-43e1-b4c5-ab91c83dae81/1d-informe_pd_ley_de_comunicaci%D3n_-_1er_debate_(2)-signed-signed_firmado-signed-signed_(1)-signed.pdf,1,https://ppless.asambleanacional.gob.ec/alfresco/d/d/workspace/SpacesStore/fe64d128-9fdc-46e9-8486-a329b48e3ec8/inf-2d-forme_sd_-_ley_libre_expresi%F3n_(comunicaci%F3n)_(1)-signed-signed_firmado-signed-signed-signed.pdf,1,https://ppless.asambleanacional.gob.ec/alfresco/d/d/workspace/SpacesStore/ac5ed2c8-4fc6-4321-8324-7dc7c6fa7bf8/proyecto_ley_org%C1nica_reformatoria_ley_de_comunicaci%D3n.pdf,1,https://ppless.asambleanacional.gob.ec/alfresco/d/d/workspace/SpacesStore/f97a9290-ddcb-4e99-a708-bddcfa5ab4b1/424358-lasso_compressed.pdf,0,,1,https://ppless.asambleanacional.gob.ec/alfresco/d/d/workspace/SpacesStore/48ba78e3-3bfd-4348-b3eb-2432c9c765d9/oficio_no._pan-sejv-2022-043.pdf,1,https://ppless.asambleanacional.gob.ec/alfresco/d/d/workspace/SpacesStore/309a2491-a498-4f77-8fbf-bcca4ded3184/ro-188-2s-14-11-2022_comp.pdf,4,,,,
3/3/21,"
Proyecto de Ley Orgánica sobre el Derecho al Cuidado en el Ambito Laboral para Mujeres o Personas con Capacidad Reproductiva que se Encuentren en Período de Embarazo, Parto y Puerperio, y Lactancia  o Cuidado",AN-2021-1998,rovira jurado zaida elizabeth,DEFENSORA DEL PUEBLO (SUBROGANTE),Comisión del Derecho al Trabajo y a la Seguridad Social,Publicado /,1,https://ppless.asambleanacional.gob.ec/alfresco/d/d/workspace/SpacesStore/18f21183-9570-4c5e-b165-54f3c4043319/pp-spalacios-Memorando%20Nro.%20AN-PR-2021-0051-M.pdf,1,https://ppless.asambleanacional.gob.ec/alfresco/d/d/workspace/SpacesStore/03b8a11c-ebd0-41c1-84a9-f253631f4dd7/INFORME%20PARA%20PRIMER%20DEBATE.pdf,1,https://ppless.asambleanacional.gob.ec/alfresco/d/d/workspace/SpacesStore/4c540eb0-2f1f-4baa-8211-d1ca1f03e363/2D%20-%20INFORME%20COMISION.pdf,1,https://ppless.asambleanacional.gob.ec/alfresco/d/d/workspace/SpacesStore/3fb1b7e9-cb9f-4531-86a2-f4fb47f1356a/ap%20-%20texto%20aprobado%20para%20objecion.pdf,0,,1,https://ppless.asambleanacional.gob.ec/alfresco/d/d/workspace/SpacesStore/246b4ab0-ecaf-4d12-a27f-912cad118504/objecion%20total.pdf,0,,0,,3,,,,
9/20/18,Proyecto de Ley Orgánica de Actuación Integral en Casos de Personas Desaparecidas,AN-2018-1398,perez reina edwin paul,FISCAL GENERAL DEL ESTADO,Comisión Ocasional para Atender los Casos de Personas Desaparecidas,Publicado /,1,https://ppless.asambleanacional.gob.ec/alfresco/d/d/workspace/SpacesStore/92668684-027c-4887-888c-d33e3d98eee6/Proyecto%20de%20Ley%20Org%E1nica%20de%20Actuaci%F3n%20Integral%20en%20Casos%20de%20Personas%20Desaparecidas%20Tr.%20340675.pdf,1,https://ppless.asambleanacional.gob.ec/alfresco/d/d/workspace/SpacesStore/97afbf81-9ab5-4bd7-a255-4aa177d5fd1c/Informe%20Primer%20Debate%20Tr.%20362616.pdf,1,https://ppless.asambleanacional.gob.ec/alfresco/d/d/workspace/SpacesStore/26d3ae51-5b2f-45ce-9df9-6db8b0c5edfb/Informe%20Segundo%20Debate%20Tr.%20378415.pdf,1,https://ppless.asambleanacional.gob.ec/alfresco/d/d/workspace/SpacesStore/d1f9a035-e72f-4d63-9881-5f5375922300/Texto%20Aprobado%20en%20el%20Pleno%20de%20la%20Asamblea%20-%20Enviado%20a%20Presidencia.pdf,1,https://ppless.asambleanacional.gob.ec/alfresco/d/d/workspace/SpacesStore/0091cc2b-fe78-4360-9563-69a836e01e41/Objeci%F3n%20Parcial%20Presidencia%20de%20la%20Rep%FAblica%20Tr.%20387125.pdf,0,,1,https://ppless.asambleanacional.gob.ec/alfresco/d/d/workspace/SpacesStore/0a41406b-fc4a-448c-9968-204248a3e09f/Desaparecidos%20TextoFinal.pdf,1,https://ppless.asambleanacional.gob.ec/alfresco/d/d/workspace/SpacesStore/a98c142a-dfba-4a72-a304-d8c09aa72e3b/2020-01-28-SRO130_20200128.pdf,3,,,,
12/20/17,Proyecto de Ley de Extinción de Dominio,AN-2021-2026,baca mancheno carlos bladimir,FISCAL GENERAL DEL ESTADO,"Comisión de Transparencia, Participación Ciudadana y Control Social",Publicado /,1,https://ppless.asambleanacional.gob.ec/alfresco/d/d/workspace/SpacesStore/c276ac8e-f30b-4857-90c1-a6746131d0b9/pp%20Ley%20Org%E1nica%20de%20Extinci%F3n%20de%20Dominio%20(Fiscal-cvaca-20-12-2017).pdf,1,https://ppless.asambleanacional.gob.ec/alfresco/d/d/workspace/SpacesStore/6cbb29e6-f0b4-4be4-9ae7-d2d3597a7ea4/uni-sd.pdf,1,https://ppless.asambleanacional.gob.ec/alfresco/d/d/workspace/SpacesStore/0c7df662-b559-41fc-8420-fd18e185acde/Informe%20para%20Segundo%20Debate%20del%20Proyecto%20de%20Ley%20Org%E1nica%20de%20Extinc%F3n%20de%20Dominio.pdf,1,https://ppless.asambleanacional.gob.ec/alfresco/d/d/workspace/SpacesStore/4b04f81c-aa16-4cf4-bab5-7ccb3a821f1f/Proyecto%20de%20Ley%20de%20Extinci%F3n%20de%20Dominio.pdf,1,https://ppless.asambleanacional.gob.ec/alfresco/d/d/workspace/SpacesStore/c1184253-4981-43e0-9a93-6c53a8be6029/401550-moreno_compressed.pdf,0,,1,https://ppless.asambleanacional.gob.ec/alfresco/d/d/workspace/SpacesStore/9b4274cf-a828-4eaf-9db6-716b33a1718b/ley_de_extincio%01n_de_dominio.pdf,1,https://ppless.asambleanacional.gob.ec/alfresco/d/d/workspace/SpacesStore/18b3248a-ee42-405e-82f4-b17d8484430d/ro-452-5to-sup-14-05-2021-.pdf,3,,,,
9/26/17,Proyecto Reforma a la Ley Orgánica de Gestión de la Identidad y Datos Civiles en el Marco del Libre Desarrollo de la Personalidad,AN-2017-1088,rodriguez zamnbrano  diane marie,ASAMBLEÍSTA/S,"Comisión de Garantías Constitucionales, Derechos Humanos, Derechos Colectivos y la Interculturalidad",Publicado /,1,https://ppless.asambleanacional.gob.ec/alfresco/d/d/workspace/SpacesStore/d253733b-604f-4f7d-aad0-05036307e76b/Proyecto%20Reforma%20a%20la%20Ley%20Org%E1nica%20de%20Gesti%F3n%20de%20la%20Identidad%20y%20Datos%20Civiles%20en%20el%20Marco%20del%20Libre%20Desarrollo%20de%20la%20Personalidad%20Tr.%20300770.pdf,1,https://ppless.asambleanacional.gob.ec/alfresco/d/d/workspace/SpacesStore/26eaff3a-ec10-4c45-9ebd-de0567351a36/inf-1d-gest-ident-AN-CGDI-2022-0264-M.pdf,1,https://ppless.asambleanacional.gob.ec/alfresco/d/d/workspace/SpacesStore/8523f1d2-842a-4d86-8669-640b4e089a03/INFORME%20PARA%20SEGUNDO%20DEBATE.pdf,1,https://ppless.asambleanacional.gob.ec/alfresco/d/d/workspace/SpacesStore/77f8bd87-8817-4c36-8f5e-8435b2317eec/ap-proyecto%20datos%20civiles.pdf,1,https://ppless.asambleanacional.gob.ec/alfresco/d/d/workspace/SpacesStore/fc99ca41-8238-4255-811c-3cdce44abe87/OP-PRO~1.PDF,0,,1,https://ppless.asambleanacional.gob.ec/alfresco/d/d/workspace/SpacesStore/78104354-83a3-4747-800e-f04be917716d/INFORM~2.PDF,1,https://ppless.asambleanacional.gob.ec/alfresco/d/d/workspace/SpacesStore/8547cb06-96d0-4f31-bda9-1f8c23850d3e/REGIST~1.PDF,3,,,,RC
9/16/16,Proyecto de Ley Orgánica Reformatoria al Código Orgánico de la Función Judicial,AN-2016-887,pazmino granizo ernesto willimper,DEFENSOR PUBLICO GENERAL DEL ESTADO,Comisión de Justicia y Estructura del Estado,Publicado /,1,https://ppless.asambleanacional.gob.ec/alfresco/d/d/workspace/SpacesStore/c6792c88-3d94-4636-926a-f7e0576328ea/Proyecto%20de%20Ley%20Org%E1nica%20Reformatoria%20al%20C%F3digo%20Org%E1nico%20de%20la%20Funci%F3n%20Judicial%20Tr.%20261280.pdf,1,https://ppless.asambleanacional.gob.ec/alfresco/d/d/workspace/SpacesStore/0b35f142-a804-4ba2-bb9f-7002be48e9e7/Informe%20Primer%20Debate%20Tr.%20325209.pdf,1,https://ppless.asambleanacional.gob.ec/alfresco/d/d/workspace/SpacesStore/a2e9cfbb-7508-48a2-8a7c-298e5fdf27be/Informe%20Segudo%20Debate%20Tr.%20336076.pdf,1,https://ppless.asambleanacional.gob.ec/alfresco/d/d/workspace/SpacesStore/a3864bf3-0e26-4e9f-afc4-c7500ef0b790/COFJ.pdf,1,https://ppless.asambleanacional.gob.ec/alfresco/d/d/workspace/SpacesStore/e8c01c2d-5655-4442-a907-2ad17af5cb56/op-400380-moreno-06-11-2020.pdf,0,,1,https://ppless.asambleanacional.gob.ec/alfresco/d/d/workspace/SpacesStore/ab67057c-b4e7-4c88-b22a-b612906db91e/LOFJu-signed-signed.pdf,1,https://ppless.asambleanacional.gob.ec/alfresco/d/d/workspace/SpacesStore/4af48000-5121-4106-9f17-8027e6495438/SRO345_20201208.pdf,2,,,,
4/5/13,Proyecto de Ley para la Presentación y Control de las Declaraciones Patrimoniales Juradas,AN-2014-128,fabian jaramillo palacios,PRESIDENTE DE LA FUNCIÓN DE TRANSPARENCIA Y CONTROL SOCIAL,"Comisión de Transparencia, Participación Ciudadana y Control Social",Publicado /,1,https://ppless.asambleanacional.gob.ec/alfresco/d/d/workspace/SpacesStore/886a253c-7fcb-49f3-b02c-d4cd19f08569/Proyecto%20de%20Ley%20para%20la%20Presentaci%F3n%20y%20Control%20de%20las%20Declaraciones%20Patrimoniales%20Juradas%20Tr.%20133542.pdf,1,https://ppless.asambleanacional.gob.ec/alfresco/d/d/workspace/SpacesStore/7d370106-3681-470a-b5c8-ace99c8f63d2/Informe%20Primer%20Debate%20Tr.%20234132.pdf,1,https://ppless.asambleanacional.gob.ec/alfresco/d/d/workspace/SpacesStore/596bf857-878c-464d-8977-2ab93392adb4/Informe%20Segundo%20Debate%20Tr.%20237522.pdf,1,https://ppless.asambleanacional.gob.ec/alfresco/d/d/workspace/SpacesStore/c4f4dc23-9d02-44d4-bea3-ff52866acacc/Texto%20Aprobado%20en%20el%20Pleno%20de%20la%20Asamblea%20-%20Enviado%20a%20Presidencia.pdf,1,https://ppless.asambleanacional.gob.ec/alfresco/d/d/workspace/SpacesStore/52a6b423-94cb-4c90-83c4-c00bf33f0938/Objeci%F3n%20Parcial%20Presidente%20de%20la%20Rep%FAblica%20Tr.%20240730.pdf,0,,1,https://ppless.asambleanacional.gob.ec/alfresco/d/d/workspace/SpacesStore/6b878fd3-ffca-4700-bb03-525df63f96fa/Texto%20Definitivo.pdf,1,https://ppless.asambleanacional.gob.ec/alfresco/d/d/workspace/SpacesStore/430c7e6b-c51e-4a41-a8f0-2dab62761747/Registro%20Oficial%20N%B0%20729.%20Ley%20para%20la%20Presentaci%F3n%20y%20Control%20de%20las%20Declaraciones%20Patrimoniales%20Juradas.pdf,1,,,,
7/18/12,Proyecto de Ley Orgánica Reformatoria del Código Orgánico de la Función Judicial y del Código de Procedimiento Penal,AN-2014-265,ramirez romero carlos miguel,PRESIDENTE DE LA CORTE NACIONAL DE JUSTICIA,Comisión de Justicia y Estructura del Estado,Publicado /,1,https://ppless.asambleanacional.gob.ec/alfresco/d/d/workspace/SpacesStore/02db4435-8c85-4286-8aa7-dccf8d0c0bf2/Proyecto%20de%20Ley%20Org%E1nica%20Reformatoria%20del%20C%F3digo%20Org%E1nico%20de%20la%20Funci%F3n%20Judicial%20y%20del%20C%F3digo%20de%20Procedimiento%20Penal%20Tr.%20111135.pdf,1,https://ppless.asambleanacional.gob.ec/alfresco/d/d/workspace/SpacesStore/ec8d97b1-9a67-488a-a0dd-b8019ae8e3b7/Informe%20Primer%20Debate%20Tr.%20126831.pdf,1,https://ppless.asambleanacional.gob.ec/alfresco/d/d/workspace/SpacesStore/2dca4738-7497-4af2-b460-a1d53c8ad352/Informe%20Segundo%20Debate%20Tr.%20132480.pdf,1,https://ppless.asambleanacional.gob.ec/alfresco/d/d/workspace/SpacesStore/e6e00797-27ac-495f-ab8c-a81a4a6b46d3/Texto%20Aprobado%20en%20el%20Pleno%20de%20la%20Asamblea%20-%20Enviado%20a%20Presidencia.pdf,1,https://ppless.asambleanacional.gob.ec/alfresco/d/d/workspace/SpacesStore/b0e4fd3b-9a9d-4428-a955-a2b5504c8267/Objeci%F3n%20Parcial%20Presidente%20de%20la%20Rep%FAblica%20%20Tr.%20143030.pdf,0,,1,https://ppless.asambleanacional.gob.ec/alfresco/d/d/workspace/SpacesStore/f26c32a1-4bc9-44af-9c08-b3a66c849a9f/Texto%20Definitivo.pdf,1,https://ppless.asambleanacional.gob.ec/alfresco/d/d/workspace/SpacesStore/46410d4a-72ee-49c5-8e87-4da01a5898d5/Registro%20Oficial%20No.38%20LEY%20REFORMATORIA%20C%D3DIGO%20FUNCI%D3N%20JUDICIAL.pdf,1,,,,
7/11/12,Proyecto de Ley del Sistema Nacional Descentralizado de Gestión de Riesgos,AN-2014-257,molina crespo maria elizabeth,ASAMBLEÍSTA/S,Comisión de Biodiversidad y Recursos Naturales,Publicado /,1,https://ppless.asambleanacional.gob.ec/alfresco/d/d/workspace/SpacesStore/84245b14-2566-4acb-876d-07cb9949d23a/Proyecto%20de%20Ley%20del%20Sistema%20Nacional%20Descentralizado%20de%20Gesti%F3n%20de%20Riesgos%20Tr.%20110405.pdf,1,https://ppless.asambleanacional.gob.ec/alfresco/d/d/workspace/SpacesStore/62f9c92e-098e-4dae-af9a-66793c250bce/Informe%20Primer%20Debate%20Tr.%20128854.pdf,1,https://ppless.asambleanacional.gob.ec/alfresco/d/d/workspace/SpacesStore/a35d00fe-7214-4497-8eec-6e7bdb89f28d/Informe%20Segundo%20Debate%20Tr.%20135907.pdf,1,https://ppless.asambleanacional.gob.ec/alfresco/d/d/workspace/SpacesStore/519332a5-a2e6-43b3-b80d-dcb603d1c83a/AP-LEY~1.PDF,1,https://ppless.asambleanacional.gob.ec/alfresco/d/d/workspace/SpacesStore/7a167866-d067-47e7-b61c-0eeb8a4a6843/op-proyecto%20del%20riesgo%20de%20desastres_compressed.pdf,0,,1,https://ppless.asambleanacional.gob.ec/alfresco/d/d/workspace/SpacesStore/6dedcdc3-21f0-41d3-b7c3-2cd2547b4922/inf%20no%20vinc%20objecion%20parcial.pdf,1,https://ppless.asambleanacional.gob.ec/alfresco/d/d/workspace/SpacesStore/3db203f4-1050-4f8f-85c2-c5706f008dc2/RO%20-%20ley%20del%20riesgo%20de%20desastres.pdf,1,,,,ID
6/5/12,"Proyecto de Ley Orgánica Reformatoria a la Ley Orgánica de Transporte Terrestre, Tránsito y Seguridad Vial",AN-2014-217,murillo ilbay marco ramiro,ASAMBLEÍSTA/S,"Comisión de Desarrollo Económico, Productivo y la Microempresa",Publicado /,1,"https://ppless.asambleanacional.gob.ec/alfresco/d/d/workspace/SpacesStore/c747897e-0fbc-44f3-8bdc-84142729a0f0/Proyecto%20de%20Ley%20Org%E1nica%20Reformatoria%20a%20la%20Ley%20Org%E1nica%20de%20Transporte%20Terrestre,%20Tr%E1nsito%20y%20Seguridad%20Vial-Tr.%20105931.pdf",1,https://ppless.asambleanacional.gob.ec/alfresco/d/d/workspace/SpacesStore/b3f042e1-9259-4d4c-83a6-a9ab0193966e/Informe%20Primer%20Debate%20Tr.%2093836.pdf,1,https://ppless.asambleanacional.gob.ec/alfresco/d/d/workspace/SpacesStore/0eabc433-0795-496d-929c-e25b489d7d12/Informe%20Segundo%20Debate%20Tr.%20130384.pdf,1,https://ppless.asambleanacional.gob.ec/alfresco/d/d/workspace/SpacesStore/b914ce80-86f2-43ec-92c3-6ae675965717/Texto%20Aprobado%20en%20el%20Pleno%20de%20la%20Asamblea%20-%20Enviado%20a%20Presidencia.pdf,1,https://ppless.asambleanacional.gob.ec/alfresco/d/d/workspace/SpacesStore/d3299d40-2f80-46d3-84df-787bb52484b5/Objeci%F3n%20Parcial%20Presidente%20de%20la%20Rep%FAblica%20Tr.%20199504.pdf,0,,1,https://ppless.asambleanacional.gob.ec/alfresco/d/d/workspace/SpacesStore/4dc63a7f-ce19-42af-a2b5-031b95f82c8c/Texto%20Definitivo.pdf,1,"https://ppless.asambleanacional.gob.ec/alfresco/d/d/workspace/SpacesStore/f992ccfe-a246-4bb6-8b33-8a9b31d06a03/Registro%20Oficial%20N%B0%20407%20Ley%20Org%E1nica%20Reformatoria%20a%20la%20Ley%20Org%E1nica%20de%20Transporte%20Terrestre,%20Tr%E1nsito%20y%20Seguridad%20Vial.pdf",1,,,Alianza Libertad,Amauta Yuyai
5/23/12,Proyecto de Ley Orgánica Reformatoria a la Ley Orgánica del Sistema Nacional de Contratación Pública,AN-2014-287,escala zambrano jorge elias,ASAMBLEÍSTA/S,Comisión de Gobiernos Autónomos Descentralización Competencias y Organización Territorio,Publicado /,1,https://ppless.asambleanacional.gob.ec/alfresco/d/d/workspace/SpacesStore/5a661a99-3836-4d24-86db-8ce192351c0e/Proyecto%20de%20Ley%20Org%E1nica%20Reformatoria%20a%20la%20Ley%20Org%E1nica%20del%20Sistema%20Nacional%20de%20Contrataci%F3n%20P%FAblica-Tr.%20104684.pdf,1,https://ppless.asambleanacional.gob.ec/alfresco/d/d/workspace/SpacesStore/911e122a-18b3-47d6-814c-bda8fbd14d56/Informe%20Primer%20Debate%20Tr.%2080118.pdf,1,https://ppless.asambleanacional.gob.ec/alfresco/d/d/workspace/SpacesStore/847ca89d-2b73-436d-a1bb-c2a13a00b021/Informe%20Segundo%20Debate%20Tr.%2092544.pdf,1,https://ppless.asambleanacional.gob.ec/alfresco/d/d/workspace/SpacesStore/117d165d-be49-479d-a84b-3fdd503f49c1/Texto%20Aprobado%20en%20el%20Pleno%20de%20la%20Asamblea%20-%20Enviado%20a%20Presidencia.pdf,1,https://ppless.asambleanacional.gob.ec/alfresco/d/d/workspace/SpacesStore/d9771484-9310-43d6-bcaa-c2253d52d347/Objeci%F3n%20Parcial%20Presidencia%20Tr.%20150456.pdf,0,,1,https://ppless.asambleanacional.gob.ec/alfresco/d/d/workspace/SpacesStore/efad2b02-3ada-48ea-9a7b-825ceaf28a60/Texto%20Definitivo.pdf,1,https://ppless.asambleanacional.gob.ec/alfresco/d/d/workspace/SpacesStore/8a138ac7-603f-4969-90db-12dd6f4c7899/REGISTRO%20OFICIAL-%20Ley%20Org%E1nica%20Reformatoria%20a%20la%20Ley%20Org%E1nica%20del%20Sistema%20Nacional%20de%20Contrataci%F3n%20P%FAblica.pdf,1,,,,MPD
5/10/12,"Proyecto de Ley Orgánica Reformatoria a la Ley Orgánica de Transporte Terrestre, Tránsito y Seguridad Víal",AN-2014-218,molina crespo maria elizabeth,ASAMBLEÍSTA/S,"Comisión de Desarrollo Económico, Productivo y la Microempresa",Publicado /,1,"https://ppless.asambleanacional.gob.ec/alfresco/d/d/workspace/SpacesStore/040a5354-85c1-42d0-bb48-0fafb9634483/Proyecto%20de%20Ley%20Org%E1nica%20Reformatoria%20a%20la%20Ley%20Org%E1nica%20de%20Transporte%20Terrestre,%20Tr%E1nsito%20y%20Seguridad%20V%EDal-Tr.%20103347.pdf",1,https://ppless.asambleanacional.gob.ec/alfresco/d/d/workspace/SpacesStore/3078327f-4b25-4fab-9677-26c2f218647c/Informe%20Primer%20Debate%20Tr.%2093836.pdf,1,https://ppless.asambleanacional.gob.ec/alfresco/d/d/workspace/SpacesStore/9485fcbb-7ba8-42af-b80d-11cf03587d12/Infome%20Segundo%20Debate%20Tr.%20130384.pdf,1,https://ppless.asambleanacional.gob.ec/alfresco/d/d/workspace/SpacesStore/de6c71ad-0284-4310-a075-a3f4458b903c/Texto%20Aprobado%20en%20el%20Pleno%20de%20la%20Asamblea%20-%20Enviado%20a%20Presidencia.pdf,1,https://ppless.asambleanacional.gob.ec/alfresco/d/d/workspace/SpacesStore/9d6efed9-6443-4813-b13b-b88aa6bb062c/Objeci%F3n%20Parcial%20Presidente%20de%20la%20Rep%FAblica%20Tr.%20199504.pdf,0,,1,https://ppless.asambleanacional.gob.ec/alfresco/d/d/workspace/SpacesStore/0ebe27c1-6105-407d-bb06-8916ed43a685/Texto%20Definitivo.pdf,1,"https://ppless.asambleanacional.gob.ec/alfresco/d/d/workspace/SpacesStore/a2903abc-c3e4-4d4e-a087-659cfe406611/Registro%20Oficial%20N%B0%20407%20Ley%20Org%E1nica%20Reformatoria%20a%20la%20Ley%20Org%E1nica%20de%20Transporte%20Terrestre,%20Tr%E1nsito%20y%20Seguridad%20Vial.pdf",1,,,,ID
5/9/12,Proyecto de Ley Reformatoria al Código Orgánico de Organización Territorial Autonomía y Descentralización,AN-2014-284,murillo ilbay marco ramiro,ASAMBLEÍSTA/S,Comisión de Gobiernos Autónomos Descentralización Competencias y Organización Territorio,Publicado /,1,https://ppless.asambleanacional.gob.ec/alfresco/d/d/workspace/SpacesStore/fe8ca95c-0591-4178-948f-94bdb6a4606b/Proyecto%20de%20Ley%20Reformatoria%20al%20C%F3digo%20ORg%E1nico%20de%20Organizaci%F3n%20Territorial%20Autonom%EDa%20y%20Descentralizaci%F3n-Tr.%20103110.pdf,1,https://ppless.asambleanacional.gob.ec/alfresco/d/d/workspace/SpacesStore/c9b2ff54-3fa6-437d-a72f-f57d462cca3e/Informe%20Primer%20Debate%20Tr.%20125449.pdf,1,https://ppless.asambleanacional.gob.ec/alfresco/d/d/workspace/SpacesStore/791c89b8-1f24-4d1a-9392-5d2a6bfb0b4f/Informe%20Segundo%20Debate%20Tr.%20135392.pdf,1,https://ppless.asambleanacional.gob.ec/alfresco/d/d/workspace/SpacesStore/c4bf03db-f981-4f8a-82cf-60e081de2ac7/Texto%20Aprobado%20en%20el%20Pleno%20de%20la%20Asamblea%20-%20Enviado%20a%20Presidencia.pdf,1,https://ppless.asambleanacional.gob.ec/alfresco/d/d/workspace/SpacesStore/388877ec-d060-4516-a30c-28b29f6fa0a7/Objecci%F3n%20Parcial%20%20Presidente%20de%20la%20Rep%FAblica%20Tr.%20162910.pdf,0,,1,https://ppless.asambleanacional.gob.ec/alfresco/d/d/workspace/SpacesStore/3774f758-5061-4440-a402-f8fd556b8995/Texto%20Definitivo.pdf,1,https://ppless.asambleanacional.gob.ec/alfresco/d/d/workspace/SpacesStore/fa0889ea-4bf8-466e-a4ee-7f243bc55811/Registro%20Oficial%20166%20Ley%20Reformatoria%20al%20Cootad.pdf,1,,,Alianza Libertad,Amauta Yuyai
4/4/12,Proyecto de Ley Interpretativo de la Disposición General Décimo Novena de la Ley Orgánica de Educación Intercultural,AN-2014-277,escala zambrano jorge elias,ASAMBLEÍSTA/S,"Comisión de Educación, Cultura, Ciencia, Tecnología, Innovación y Saberes Ancestrales",Publicado /,1,https://ppless.asambleanacional.gob.ec/alfresco/d/d/workspace/SpacesStore/6f7e1129-b338-4139-a967-bee57114484a/Proyecto%20de%20Ley%20Interpretativo%20de%20la%20Disposici%F3n%20General%20D%E9cimo%20Novena%20de%20la%20Ley%20Org%E1nica%20de%20Educaci%F3n%20Intercultural-Tr.%2099668.pdf,1,https://ppless.asambleanacional.gob.ec/alfresco/d/d/workspace/SpacesStore/018b700a-b97e-4bd3-b348-2d031a7d8153/Informe%20Primer%20Debate%20Tr.%20112429.pdf,1,https://ppless.asambleanacional.gob.ec/alfresco/d/d/workspace/SpacesStore/2ac09e9a-27a7-4aa3-94b5-130bb64d573b/Informe%20Segundo%20Debate%20Tr.%20343646.pdf,1,https://ppless.asambleanacional.gob.ec/alfresco/d/d/workspace/SpacesStore/7bd644fb-9e81-4ff9-83dc-8ce355d4d834/Texto%20Aprobado%20en%20el%20Pleno%20de%20la%20Asamblea%20-%20Enviado%20a%20Presidencia.pdf,1,https://ppless.asambleanacional.gob.ec/alfresco/d/d/workspace/SpacesStore/04a72575-8acf-43a3-a3ef-f4439f5b5933/Objeci%F3n%20Parcial%20Presidente%20de%20la%20Rep%FAblica%20Tr.%20349800.pdf,0,,1,https://ppless.asambleanacional.gob.ec/alfresco/d/d/workspace/SpacesStore/83301161-25d7-427b-b2d4-4e6c09e693f4/Texto%20Definitivo.pdf,1,https://ppless.asambleanacional.gob.ec/alfresco/d/d/workspace/SpacesStore/000cb7fe-8c3f-4a24-b3b9-977e7ef56675/Registro%20Oficial%20N%B0%20407%20Ley%20Interpretativa%20Disposicion%20Novena%20Loei.pdf,1,,,,MPD
12/8/11,Proyecto de Ley Orgánica de la Función de Transparencia y Control Social,AN-2014-431,polit faggioni carlos,PRESIDENTE DE LA FUNCIÓN DE TRANSPARENCIA Y CONTROL SOCIAL,Comisión de Justicia y Estructura del Estado,Publicado /,1,https://ppless.asambleanacional.gob.ec/alfresco/d/d/workspace/SpacesStore/32816473-32c7-4ee8-8cef-29378fc53718/Proyecto%20de%20Ley%20Org%E1nica%20de%20la%20Funci%F3n%20de%20Transparencia%20y%20Control%20Social%20Tr.%2088428.pdf,1,https://ppless.asambleanacional.gob.ec/alfresco/d/d/workspace/SpacesStore/4af6c858-605e-4a19-b44d-98ae9d500355/Informe%20Primer%20Debate%20Tr.%20110020.pdf,1,https://ppless.asambleanacional.gob.ec/alfresco/d/d/workspace/SpacesStore/32798235-9b4e-4730-885e-de9ac92c1392/Informe%20Segundo%20Debate%20Tr.%20131159.pdf,1,https://ppless.asambleanacional.gob.ec/alfresco/d/d/workspace/SpacesStore/d244084a-73a0-4598-bc4c-5a56bd6e5993/Texto%20Aprobado%20en%20el%20Pleno%20de%20la%20Asamblea%20-%20Enviado%20a%20Presidencia.pdf,1,https://ppless.asambleanacional.gob.ec/alfresco/d/d/workspace/SpacesStore/a97aee2b-9b83-469b-9f43-e75e63e1c555/Objecci%F3n%20Parcial%20%20Presidente%20de%20la%20Rep%FAblica%20Tr.%20146194.pdf,0,,1,https://ppless.asambleanacional.gob.ec/alfresco/d/d/workspace/SpacesStore/2590fe30-870b-4a81-bc8f-1b776851d04b/Texto%20Definitivo.pdf,1,https://ppless.asambleanacional.gob.ec/alfresco/d/d/workspace/SpacesStore/07394774-7f85-415b-ad1c-e8ada83928e1/Registro%20Oficial%20No.%2053%20Ley%20Org%E1nica%20de%20la%20Funci%F3n%20de%20Transparencia%20y%20Control%20Social.pdf,1,,,,
7/21/11,Proyecto de Ley Reformatoria a la Ley de Reconocimiento a los Héroes y Heroínas Nacionales,AN-2014-365,cuji coello henry alberto,ASAMBLEÍSTA/S,Comisión de Relaciones Internacionales y Movilidad Humana,Publicado /,1,https://ppless.asambleanacional.gob.ec/alfresco/d/d/workspace/SpacesStore/c7dc139d-016d-4d7b-ab2f-9dd58b17b445/Proyecto%20de%20Ley%20Reformatoria%20a%20la%20Ley%20de%20Reconocimiento%20a%20los%20H%E9roes%20y%20Hero%EDnas%20Nacionales%20Tr.%2074831.pdf,1,https://ppless.asambleanacional.gob.ec/alfresco/d/d/workspace/SpacesStore/75cd4165-25cb-476d-8698-596f66705fd5/Informe%20Primer%20Debate%20Tr.%2098047.pdf,1,https://ppless.asambleanacional.gob.ec/alfresco/d/d/workspace/SpacesStore/f21ad950-b9ba-40b0-9e9b-fe8fba89fb79/Informe%20Segundo%20Debate%20Tr.%20112184.pdf,1,https://ppless.asambleanacional.gob.ec/alfresco/d/d/workspace/SpacesStore/5a0710a4-7b9a-4d5b-be57-e529fccfdd22/Texto%20Aprobado%20en%20el%20Pleno%20de%20la%20Asamblea%20-%20Enviado%20a%20Presidencia.pdf,1,https://ppless.asambleanacional.gob.ec/alfresco/d/d/workspace/SpacesStore/8a7f2c5d-2ef9-421e-ae7c-3a590fdd23a5/OP%20Reforma%20Heroes%20y%20Heroinas.pdf,0,,1,https://ppless.asambleanacional.gob.ec/alfresco/d/d/workspace/SpacesStore/82ce9c7d-7b46-470b-a439-5639929941a5/RO%20HEROES%20Y%20HEROINAS%20REF.pdf,1,https://ppless.asambleanacional.gob.ec/alfresco/d/d/workspace/SpacesStore/9e101578-d99a-4e2c-b42e-64b397ee040b/RO%20HEROES%20Y%20HEROINAS%20REF.pdf,1,,,,Unidos por Pastaza
6/14/11,"Proyecto de Ley Orgánica Reformatoria al Art.89 de la Ley Orgánica Electoral y de Organizaciones Políticas de la República del Ecuador, Código de la Democracia ",AN-2014-345,roche pesantes andres fernado,ASAMBLEÍSTA/S,Comisión de Justicia y Estructura del Estado,Publicado /,1,"https://ppless.asambleanacional.gob.ec/alfresco/d/d/workspace/SpacesStore/760d7550-955c-4a63-88af-60fb345c7a85/Proyecto%20de%20Ley%20Org%E1nica%20Reformatoria%20al%20Art.89%20de%20la%20Ley%20Org%E1nica%20Electoral%20y%20de%20Organizaciones%20Pol%EDticas%20de%20la%20Rep%FAblica%20del%20Ecuador,%20C%F3digo%20de%20la%20Democracia%20Tr.%2070490.pdf",1,https://ppless.asambleanacional.gob.ec/alfresco/d/d/workspace/SpacesStore/1f1d79cf-f87f-47a6-8049-f2112350e72d/Informe%20Primer%20Debate%20Tr.%2086474.pdf,1,https://ppless.asambleanacional.gob.ec/alfresco/d/d/workspace/SpacesStore/8a102279-8fb8-4a3f-ab22-b674303f38ae/Informe%20Segundo%20Debate%20Tr.%2089177.pdf,1,https://ppless.asambleanacional.gob.ec/alfresco/d/d/workspace/SpacesStore/4759aa24-bc47-472c-86aa-6362b780839c/Texto%20Aprobado%20en%20el%20Pleno%20de%20la%20Asamblea%20-%20Enviado%20a%20Presidencia.pdf,1,https://ppless.asambleanacional.gob.ec/alfresco/d/d/workspace/SpacesStore/52a1bf31-db8a-4cda-90ce-b6f893191bdc/90669Objecion_Parcial_Ley_Reforma_Electoral.pdf,0,,1,https://ppless.asambleanacional.gob.ec/alfresco/d/d/workspace/SpacesStore/ad02528f-6191-4805-b0c8-f2da1dbb1e63/RO%20Ley%20ref%20ley%20electoral%20(2do%20Suplemento%20RO%20634%20de%2006-02-2012).pdf,1,https://ppless.asambleanacional.gob.ec/alfresco/d/d/workspace/SpacesStore/fa1605c1-8b8d-49a4-b21d-84a383743b5e/RO%20Ley%20ref%20ley%20electoral%20(2do%20Suplemento%20RO%20634%20de%2006-02-2012).pdf,1,,,,PSC
5/31/11,Proyecto de Ley Reformatoria a la Ley Orgánica del Sistema Nacional de Contratación Pública,AN-2014-342,encalada zamora eduardo,ASAMBLEÍSTA/S,Comisión de Gobiernos Autónomos Descentralización Competencias y Organización Territorio,Publicado /,1,https://ppless.asambleanacional.gob.ec/alfresco/d/d/workspace/SpacesStore/d4d2c621-7812-461f-8e2f-661291d5dc3e/Proyecto%20de%20Ley%20Reformat.%20a%20la%20Ley%20Org%E1nica%20del%20Sistema%20Nacional%20de%20Contrataci%F3n%20P%FAblica%20Tr.%2069025.pdf,1,https://ppless.asambleanacional.gob.ec/alfresco/d/d/workspace/SpacesStore/19f41931-0739-4f0e-ab3f-b83f19d65720/Informe%20Primer%20Debate%20Tr.%2080118.pdf,1,https://ppless.asambleanacional.gob.ec/alfresco/d/d/workspace/SpacesStore/6660b0d6-6207-4543-af9f-180dcc9a6788/Informe%20Segundo%20Debate%20Tr.%2092544.pdf,1,https://ppless.asambleanacional.gob.ec/alfresco/d/d/workspace/SpacesStore/1358100a-5c42-45d0-8d55-134356116756/Texto%20Aprobado%20en%20el%20Pleno%20de%20la%20Asamblea%20-%20Enviado%20a%20Presidencia.pdf,1,https://ppless.asambleanacional.gob.ec/alfresco/d/d/workspace/SpacesStore/67ccedce-f70a-44d9-b7d6-4e4bbf73917a/Objecci%F3n%20Parcial%20%20Presidente%20de%20la%20Rep%FAblica%20Tr.%20150456.pdf,0,,1,https://ppless.asambleanacional.gob.ec/alfresco/d/d/workspace/SpacesStore/1d20c6cb-d9d7-4442-b035-390e2ba52115/Texto%20Definitivo.pdf,1,https://ppless.asambleanacional.gob.ec/alfresco/d/d/workspace/SpacesStore/fcaf6ded-afb9-421e-9f25-3aa4d4e91a8e/Registro%20Oficial%20No.%20100%20Ley%20Reformatoria%20a%20la%20Ley%20Org%E1nica%20del%20Sistema%20Nacional%20de%20Contrataci%F3n%20P%FAblica.pdf,1,,,,PS-FA
3/10/11,"Proyecto de Ley por medio de la cual se reconocen como enfermedades catastróficas, de alto costo y alta complejidad, a las enfermedades raras o huérfanas y se adoptan normas tendientes a la protección por parte del Estado",AN-2014-327,fernandez doumet scheznarda,ASAMBLEÍSTA/S,Comisión del Derecho a la Salud y Deporte,Publicado /,1,"https://ppless.asambleanacional.gob.ec/alfresco/d/d/workspace/SpacesStore/271dfa1c-9e03-4a34-982e-ce37948a7e9a/Proyecto%20de%20Ley%20por%20medio%20de%20la%20cual%20se%20reconocen%20como%20enfermedades%20catastr%F3ficas,%20de%20alto%20costo%20y%20alta%20complejidad,%20a%20las%20enfermedades%20raras%20o%20hu%E9rfanas%20y%20se%20adoptan%20normas%20tendientes%20a%20la%20protecci%F3n%20por%20parte%20del%20Estado.pdf",1,https://ppless.asambleanacional.gob.ec/alfresco/d/d/workspace/SpacesStore/9eb38303-868a-4c6d-8e2b-c942f6c22e44/Informe%20Primer%20Debate%20Tr.%2072377.pdf,1,https://ppless.asambleanacional.gob.ec/alfresco/d/d/workspace/SpacesStore/a768038a-05b3-454b-a344-a4835a0ff9df/Informe%20Segundo%20Debate%20Tr.%2081952.pdf,1,https://ppless.asambleanacional.gob.ec/alfresco/d/d/workspace/SpacesStore/3729a6ee-0014-4ff1-bde9-38575735e61d/Texto%20Aprobado%20en%20el%20Pleno%20de%20la%20Asamblea%20-%20Enviado%20a%20Presidencia.pdf,1,https://ppless.asambleanacional.gob.ec/alfresco/d/d/workspace/SpacesStore/fcf58d15-b9ab-4d14-82c2-fea1f40865be/Objecion%20Parcial%20Enfermedades%20Raras%20ley%2067.pdf,0,,1,"https://ppless.asambleanacional.gob.ec/alfresco/d/d/workspace/SpacesStore/f2547376-f06f-4fd1-a23a-1595e8e6e191/RO%20Ley%20Org%E1nica%20Reformatoria%20a%20la%20Ley%20Org%E1nica%20de%20Salud,%20Ley%2067,%20para%20incluir%20el%20Tratamiento%20de%20las%20Enfermedades%20Raras%20o%20Hu%E9rfanas%20y%20Catastr%F3ficas%20(RO%20625%20del%2024-01-2012).pdf",1,"https://ppless.asambleanacional.gob.ec/alfresco/d/d/workspace/SpacesStore/3fe2f14b-b3f7-4bc4-b8a3-51aa3fe197a1/RO%20Ley%20Org%E1nica%20Reformatoria%20a%20la%20Ley%20Org%E1nica%20de%20Salud,%20Ley%2067,%20para%20incluir%20el%20Tratamiento%20de%20las%20Enfermedades%20Raras%20o%20Hu%E9rfanas%20y%20Catastr%F3ficas%20(RO%20625%20del%2024-01-2012).pdf",1,,,,PSC
9/21/10,"Proyecto de Ley Reformatoria a la Ley Orgánica Transporte Terrestre, Tránsito y Seguridad Vial ",AN-2014-554,romo carpio wilson fernado,ASAMBLEÍSTA/S,"Comisión de Desarrollo Económico, Productivo y la Microempresa",Publicado /,1,"https://ppless.asambleanacional.gob.ec/alfresco/d/d/workspace/SpacesStore/0d6e3d39-f03f-4190-950a-656f791ca4c5/Proyecto%20de%20Ley%20Reformatoria%20a%20la%20Ley%20Org%E1nica%20Transporte%20Terrestre,%20Tr%E1nsito%20y%20Seguridad%20Vial%20Tr.%2044678.pdf",1,https://ppless.asambleanacional.gob.ec/alfresco/d/d/workspace/SpacesStore/a9a845c2-dce9-44e9-8807-7e2e2a78bc81/Informe%20Primer%20Debate%20Tr.%2093836.pdf,1,https://ppless.asambleanacional.gob.ec/alfresco/d/d/workspace/SpacesStore/cca90f5c-36ac-44b2-af9a-67f0078e25e6/Informe%20Segundo%20Debate%20Tr.%20130384.pdf,1,https://ppless.asambleanacional.gob.ec/alfresco/d/d/workspace/SpacesStore/ae9c2754-7442-46c3-b929-76b546bc3b4b/Texto%20Aprobado%20en%20el%20Pleno%20de%20la%20Asamblea%20-%20Enviado%20a%20Presidencia.pdf,1,https://ppless.asambleanacional.gob.ec/alfresco/d/d/workspace/SpacesStore/7514de37-5bca-4687-85c4-d52882bc0baa/Objeci%F3n%20Parcial%20Presidente%20de%20la%20Rep%FAblica%20Tr.%20199504.pdf,0,,1,https://ppless.asambleanacional.gob.ec/alfresco/d/d/workspace/SpacesStore/fa144c5c-319e-4cfc-b34d-d0eaeb3fff94/Texto%20Definitivo.pdf,1,"https://ppless.asambleanacional.gob.ec/alfresco/d/d/workspace/SpacesStore/17f873e6-8b11-4f86-8bbe-39d5b86806f5/Registro%20Oficial%20N%B0%20407%20Ley%20Org%E1nica%20Reformatoria%20a%20la%20Ley%20Org%E1nica%20de%20Transporte%20Terrestre,%20Tr%E1nsito%20y%20Seguridad%20Vial.pdf",1,,,,PSP
7/14/10,Proyecto de Ley para la Reparación de las Víctimas y Judicialización de Graves Violaciones de Derechos Humanos y Delitos de Lesa Humanidad ocurridos en el Ecuador entre el 14 de octubre de 1983 y el 31 de diciembre de 2008,AN-2014-522,gutierrez vera fernado,DEFENSOR DEL PUEBLO,Comisión de Justicia y Estructura del Estado,Publicado /,1,https://ppless.asambleanacional.gob.ec/alfresco/d/d/workspace/SpacesStore/cb1e111a-a204-4436-9114-bb8692b1f643/Ley%20para%20la%20Reparaci%F3n%20de%20las%20V%EDctimas%20y%20Judicializaci%F3n%20de%20Graves%20Violaciones%20de%20Derechos%20Humanos%20y%20Delitos%20de%20Lesa%20Humanidad%20ocurridos%20en%20el%20Ecuador%20entre%20el%2014%20de%20octubre%20de%201983%20y%20el%2031%20de%20diciembre%20de%202008%20Tr.%2038383.pdf,1,https://ppless.asambleanacional.gob.ec/alfresco/d/d/workspace/SpacesStore/27847df2-c48d-4ad2-acff-30d5c04ae0ff/Informe%20Primer%20Debate%20Tr.%2098078.pdf,1,https://ppless.asambleanacional.gob.ec/alfresco/d/d/workspace/SpacesStore/8cca6ed7-2824-496d-9ee3-9ae8582cb192/Informe%20Segundo%20Debate%20Tr.%20153023.pdf,1,https://ppless.asambleanacional.gob.ec/alfresco/d/d/workspace/SpacesStore/42a9a404-85dd-4702-9ce5-af1b45a0b4db/Texto%20Aprobado%20en%20el%20Pleno%20de%20la%20Asamblea%20-%20Enviado%20a%20Presidencia.pdf,1,https://ppless.asambleanacional.gob.ec/alfresco/d/d/workspace/SpacesStore/2c4a730d-521f-4b77-9636-89308c9bb6a2/Objecci%F3n%20Parcial%20Presidente%20de%20la%20Rep%FAblica%20Tr.%20157778.pdf,0,,1,https://ppless.asambleanacional.gob.ec/alfresco/d/d/workspace/SpacesStore/38d2d04b-464e-4a69-ac09-56ce85682770/Texto%20Definitivo.pdf,1,https://ppless.asambleanacional.gob.ec/alfresco/d/d/workspace/SpacesStore/2c7aefb9-47a6-4608-8948-880fc804c197/Registro%20Oficial%20N%B0%20143%20Ley%20para%20la%20Reparaci%F3n%20de%20las%20V%EDctimas%20y%20la%20Judicializaci%F3n%20de%20Graves%20Violaciones%20de%20Derechos%20Humanos%20y%20Delitos%20de%20Lesa%20Humanidad%20Ocurridos%20en%20el%20Ecuador.pdf,1,,,,
4/23/10,Proyecto de Ley Reformatoria a la Ley de la Función Legislativa,AN-2014-473,caceres cortez fernado,ASAMBLEÍSTA/S,Comisión de Justicia y Estructura del Estado,Archivado / Registro de Objeción Total,1,https://ppless.asambleanacional.gob.ec/alfresco/d/d/workspace/SpacesStore/72029f5f-a8b9-4203-8705-d128168d4e5d/Proyecto%20de%20Ley%20Reformatoria%20a%20la%20Ley%20de%20la%20Funci%F3n%20Legislativa%20Tr.%2029466.pdf,1,https://ppless.asambleanacional.gob.ec/alfresco/d/d/workspace/SpacesStore/00059d55-bcf8-42c0-8165-397ca3809656/Informe%20Primer%20Debate%20Tr.%2038486.pdf,1,https://ppless.asambleanacional.gob.ec/alfresco/d/d/workspace/SpacesStore/3c496705-2390-452c-8a96-3bc9dd14a4a5/Informe%20Segundo%20Debate%20Tr.%2072476.pdf,1,https://ppless.asambleanacional.gob.ec/alfresco/d/d/workspace/SpacesStore/0c807d4c-d991-4e00-aa39-d13167ee3a64/Texto%20Aprobado%20en%20el%20Pleno%20de%20la%20Asamblea%20-%20Enviado%20a%20Presidencia.pdf,0,,1,https://ppless.asambleanacional.gob.ec/alfresco/d/d/workspace/SpacesStore/6ca44a52-07de-40c0-a147-f3e0a6a4e4e5/Objecci%F3n%20Total%20Presidente%20de%20la%20Rep%FAblica%20Tr.%20100479.pdf,0,,0,,1,,,,PAIS
4/20/10,Proyecto de Ley Reformatoria a la Ley Orgánica de la Función Legislativa,AN-2014-472,teran acosta marco ramiro,ASAMBLEÍSTA/S,Comisión de Justicia y Estructura del Estado,Archivado / Registro de Objeción Total,1,https://ppless.asambleanacional.gob.ec/alfresco/d/d/workspace/SpacesStore/4fcd220b-e105-4986-96df-f7fbcf648f32/Proyecto%20de%20Ley%20Reformatoria%20a%20la%20Ley%20Org%E1nica%20de%20la%20Funci%F3n%20Legislativa%20Tr.%2029125.pdf,1,https://ppless.asambleanacional.gob.ec/alfresco/d/d/workspace/SpacesStore/e7022f87-7b84-4cb9-bd72-28fb66740ece/Informe%20Primer%20Debate%20Tr.%2038486.pdf,1,https://ppless.asambleanacional.gob.ec/alfresco/d/d/workspace/SpacesStore/c4241c65-7430-48b0-939f-7ce5f5735177/Informe%20Segundo%20Debate%20Tr.%2072476.pdf,1,https://ppless.asambleanacional.gob.ec/alfresco/d/d/workspace/SpacesStore/bad36d99-1f91-4ed5-a01b-7cdc31bf50dd/Texto%20Aprobado%20en%20el%20Pleno%20de%20la%20Asamblea%20-%20Enviado%20a%20Presidencia.pdf,0,,1,https://ppless.asambleanacional.gob.ec/alfresco/d/d/workspace/SpacesStore/b31e39c2-7b70-438f-8a0b-3d93b6926df4/Objecci%F3n%20Total%20Presidente%20de%20la%20Rep%FAblica%20Tr.%20100479.pdf,0,,0,,1,,,,MPD
1/19/10,Proyecto de Ley Reformatoria al Código Orgánico de la Función Judicial,AN-2014-444,caceres cortez fernado,ASAMBLEÍSTA/S,Comisión de Justicia y Estructura del Estado,Archivado / Registro de Objeción Total,1,https://ppless.asambleanacional.gob.ec/alfresco/d/d/workspace/SpacesStore/b610ce7f-2958-4a84-9ce7-40b6ce1f49b4/Proyecto%20de%20Ley%20Reformatoria%20al%20C%F3digo%20Org%E1nico%20de%20la%20Funci%F3n%20Judicial%20Tr.%2019648.pdf,1,https://ppless.asambleanacional.gob.ec/alfresco/d/d/workspace/SpacesStore/f21007ad-d9cb-49ee-9dcc-8540d00c6ada/Informe%20Primer%20Debate%20Tr.%2051854.pdf,1,https://ppless.asambleanacional.gob.ec/alfresco/d/d/workspace/SpacesStore/064b37a3-6f1f-42e8-bc0d-2dd02112b685/Informe%20Segundo%20Debate%20Tr.%2058371.pdf,1,https://ppless.asambleanacional.gob.ec/alfresco/d/d/workspace/SpacesStore/af49057c-0d79-44a1-a34e-0464df783fb3/Texto%20Aprobado%20en%20el%20Pleno%20de%20la%20Asamblea%20-%20Enviado%20a%20Presidencia.pdf,0,,1,https://ppless.asambleanacional.gob.ec/alfresco/d/d/workspace/SpacesStore/585ef121-db46-4f3d-bd09-0140f3b546f8/Objeccin%20Total%20Presidente%20de%20la%20Rep%FAblica%20Tr.%2061388.pdf,0,,0,,1,,,,PAIS
11/30/09,"Proyecto de Ley Reformatoria a la Ley Orgánica de Transporte Terrestre, Tránsito, Seguridad Vial",AN-2014-685,guillen zambrano richard tirone,ASAMBLEÍSTA/S,"Comisión de Desarrollo Económico, Productivo y la Microempresa",Publicado /,1,"https://ppless.asambleanacional.gob.ec/alfresco/d/d/workspace/SpacesStore/a64c1e2d-ce0d-478c-a88a-ddf03d01275c/Proyecto%20de%20Ley%20Reformatoria%20a%20la%20Ley%20Org%E1nica%20de%20Transporte%20Terrestre,%20Tr%E1nsito,%20Seguridad%20Vial%20Tr.%2013909.pdf",1,https://ppless.asambleanacional.gob.ec/alfresco/d/d/workspace/SpacesStore/8fafe8bd-bfe5-4362-a3a8-c5d9cd94ab9b/Informe%20Primer%20Debate.pdf,1,https://ppless.asambleanacional.gob.ec/alfresco/d/d/workspace/SpacesStore/f3ad9968-8b49-4a53-9a95-c839f0c39190/Informe%20Segundo%20Debate.pdf,1,https://ppless.asambleanacional.gob.ec/alfresco/d/d/workspace/SpacesStore/2cce5ae5-ff5e-4492-85f2-ac29b5026dce/Texto%20Aprobado%20en%20el%20Pleno%20de%20la%20Asamblea%20-%20Enviado%20a%20Presidencia.pdf,1,https://ppless.asambleanacional.gob.ec/alfresco/d/d/workspace/SpacesStore/85cd0905-ecb2-40e7-965a-20fe5934c1a3/Objecci%F3n%20Parcial%20%20Presidente%20de%20la%20Rep%FAblica%20Tr.%2060153.pdf,0,,1,https://ppless.asambleanacional.gob.ec/alfresco/d/d/workspace/SpacesStore/616750b5-3bae-4164-b454-69043ea1940a/Texto%20Definitivo.pdf,1,"https://ppless.asambleanacional.gob.ec/alfresco/d/d/workspace/SpacesStore/f71a7795-5e8b-4a64-8cbf-153e7120e21b/Registro%20Oficial%20No.%20415%20Ley%20Reformatoria%20a%20la%20Ley%20Org%E1nica%20de%20Transporte%20Terrestre,%20Tr%E1nsito,%20Seguridad%20Vial.pdf",1,,,,PAIS
11/26/09,"Proyecto de Ley Reformatoria a la  Ley de Transporte Terrestre, Tránsito, Seguridad Vial",AN-2014-682,vaca ortega edwin german,ASAMBLEÍSTA/S,"Comisión de Desarrollo Económico, Productivo y la Microempresa",Publicado /,1,"https://ppless.asambleanacional.gob.ec/alfresco/d/d/workspace/SpacesStore/8e0ec6a1-27ee-405d-8c48-6d33ac171bd5/Proyecto%20de%20Ley%20Reformatoria%20a%20la%20%20Ley%20de%20Transporte%20Terrestre,%20Tr%E1nsito,%20Seguridad%20Vial%20Tr.%2013600.pdf",1,https://ppless.asambleanacional.gob.ec/alfresco/d/d/workspace/SpacesStore/ad57d4c1-1684-409c-8eb9-7ac990a204ba/Informe%20Primer%20Debate.pdf,1,https://ppless.asambleanacional.gob.ec/alfresco/d/d/workspace/SpacesStore/627bb169-b40a-4247-aec4-16e8114b4bba/Informe%20Segundo%20Debate.pdf,1,https://ppless.asambleanacional.gob.ec/alfresco/d/d/workspace/SpacesStore/30f15e78-50b5-432b-a472-3b304eddb3e9/Texto%20Aprobado%20en%20el%20Pleno%20de%20la%20Asamblea%20-%20Enviado%20a%20Presidencia.pdf,1,https://ppless.asambleanacional.gob.ec/alfresco/d/d/workspace/SpacesStore/7b9c2142-79cc-4002-a4f5-0bfc8d783978/Objecci%F3n%20Parcial%20%20Presidente%20de%20la%20Rep%FAblica%20Tr.%2060153.pdf,0,,1,https://ppless.asambleanacional.gob.ec/alfresco/d/d/workspace/SpacesStore/e1d2437a-0124-42ca-a360-66505737f46d/Texto%20Definitivo.pdf,1,"https://ppless.asambleanacional.gob.ec/alfresco/d/d/workspace/SpacesStore/ea5a608d-5afa-415c-95b5-8eda1265f640/Registro%20Oficial%20No.%20415%20Ley%20Reformat.%20Ley%20de%20Transporte%20Terrestre,%20Tr%E1nsito,%20Seguridad%20Vial.pdf",1,,,,Movimiento Conservador del Carchi
10/29/09,"Proyecto de Ley Reformatoria a la Ley de Transporte Terrestre, Tránsito y Seguridad Vial, publicada en el Suplemento del Registro Oficial Nº 398 del 7 de agosto del 2008 ",AN-2014-674,ciudadania,CIUDADANÍA,"Comisión de Desarrollo Económico, Productivo y la Microempresa",Publicado /,1,"https://ppless.asambleanacional.gob.ec/alfresco/d/d/workspace/SpacesStore/e7071a00-5d37-4568-92b2-8e5ff298ee71/Proyecto%20de%20Ley%20Reformatoria%20a%20la%20Ley%20de%20Transporte%20Terrestre,%20Tr%E1nsito%20y%20Seguridad%20Vial,%20publicada%20en%20el%20Suplemento%20del%20Registro%20Oficial%20N%BA%20398%20del%207%20de%20agosto%20del%202008%20Tr.%208665.pdf",1,https://ppless.asambleanacional.gob.ec/alfresco/d/d/workspace/SpacesStore/ec618b29-3046-4733-8662-a347063befe2/Informe%20Primer%20Debate.pdf,1,https://ppless.asambleanacional.gob.ec/alfresco/d/d/workspace/SpacesStore/b989a373-6583-43f7-b065-9bb06d934950/Informe%20Segundo%20Debate.pdf,1,https://ppless.asambleanacional.gob.ec/alfresco/d/d/workspace/SpacesStore/1bc4f6ff-2f7c-4a12-a932-96fb3a659bb5/Texto%20Aprobado%20en%20el%20Pleno%20de%20la%20Asamblea%20-%20Enviado%20a%20Presidencia.pdf,1,https://ppless.asambleanacional.gob.ec/alfresco/d/d/workspace/SpacesStore/b16eef51-d516-4f97-8b6a-2a3918357306/Objecci%F3n%20Parcial%20%20Presidente%20de%20la%20Rep%FAblica%20Tr.%2060153.pdf,0,,1,https://ppless.asambleanacional.gob.ec/alfresco/d/d/workspace/SpacesStore/27a18886-75ed-480b-84da-a88743fbdf49/Texto%20Definitivo.pdf,1,"https://ppless.asambleanacional.gob.ec/alfresco/d/d/workspace/SpacesStore/8208c474-411b-42ed-81fa-5dd35f3c02db/Registro%20Oficial%20No.%20415%20Ley%20Reformatoria%20a%20la%20Ley%20de%20Transporte%20Terrestre,%20Tr%E1nsito%20y%20Seguridad%20Vial,%20publicada%20en%20el%20Suplemento%20del%20Registro%20Oficial%20N%BA%20398%20del%207%20de%20agosto%20del%202008.pdf",1,,,,
10/15/09,Proyecto de Ley Reformatoria Código de Procedimiento Penal y al Código Penal,AN-2014-661,alvear enriquez alfredo,ASAMBLEÍSTA/S,Comisión de Justicia y Estructura del Estado,Publicado /,1,https://ppless.asambleanacional.gob.ec/alfresco/d/d/workspace/SpacesStore/ccf5e773-6fa3-4055-a04e-ff33c40960c0/Proyecto%20de%20Ley%20Reformatoria%20C%F3digo%20de%20Procedimiento%20Penal%20y%20al%20C%F3digo%20Penal%20Tr.8084.pdf,1,https://ppless.asambleanacional.gob.ec/alfresco/d/d/workspace/SpacesStore/8a5f4595-020b-4ef5-9165-bd9c2e7286cd/Informe%20Primer%20Debate%20Tr.%2016762.pdf,1,https://ppless.asambleanacional.gob.ec/alfresco/d/d/workspace/SpacesStore/31fc41e1-0d01-4e06-97ae-26d55db31b0a/Informe%20Segundo%20Debate.pdf,1,https://ppless.asambleanacional.gob.ec/alfresco/d/d/workspace/SpacesStore/3c8cf1e3-8d76-4003-8520-43c35d6e8975/Texto%20Aprobado%20en%20el%20Pleno%20de%20la%20Asamblea%20-%20Enviado%20a%20Presidencia.pdf,1,https://ppless.asambleanacional.gob.ec/alfresco/d/d/workspace/SpacesStore/6fdad323-1691-4375-a60b-0f54b6c9e431/Objecci%F3n%20Parcial%20%20Presidente%20de%20la%20Rep%FAblica.pdf,0,,1,https://ppless.asambleanacional.gob.ec/alfresco/d/d/workspace/SpacesStore/6162fc6a-cab0-4cb9-b7f3-2c99e54019a7/Texto%20Definitivo.pdf,1,https://ppless.asambleanacional.gob.ec/alfresco/d/d/workspace/SpacesStore/324a4bf5-4767-4d73-968c-e051b7965eaa/Registro%20Oficial%20No.%20160%20Ley%20Reformatoria%20al%20C%F3digo%20Penal%20y%20C%F3digo%20de%20Procedimiento%20Penal.pdf,1,,,,
10/5/09,"Proyecto de Ley Reformatoria a la Ley de Transporte Terrestre, Tránsito y Seguridad Vial, publicada en el R.O. No. 398 de 7 de agosto del 2008 ",AN-2014-653,vargas ocana guido gilberto,ASAMBLEÍSTA/S,"Comisión de Desarrollo Económico, Productivo y la Microempresa",Publicado /,1,"https://ppless.asambleanacional.gob.ec/alfresco/d/d/workspace/SpacesStore/d6628b01-2b41-4c63-a269-b7a350075cea/Proyecto%20de%20Ley%20Reformatoria%20a%20la%20Ley%20de%20Transporte%20Terrestre,%20Tr%E1nsito%20y%20Seguridad%20Vial,%20publicada%20en%20el%20R.O.%20No.%20398%20de%207%20de%20agosto%20del%202008%20Tr.%207370.pdf",1,https://ppless.asambleanacional.gob.ec/alfresco/d/d/workspace/SpacesStore/a2f8020f-a567-49c8-947f-012786509bbb/Informe%20Primer%20Debate.pdf,1,https://ppless.asambleanacional.gob.ec/alfresco/d/d/workspace/SpacesStore/003453a0-81ff-440f-ae72-4a3710ad09e9/Informe%20Segundo%20Debate.pdf,1,https://ppless.asambleanacional.gob.ec/alfresco/d/d/workspace/SpacesStore/34bded70-f2f9-456a-9a78-4da6efb2b937/Texto%20Aprobado%20en%20el%20Pleno%20de%20la%20Asamblea%20-%20Enviado%20a%20Presidencia.pdf,1,https://ppless.asambleanacional.gob.ec/alfresco/d/d/workspace/SpacesStore/356ff9bf-be67-4659-9cd9-196413286e13/Objecci%F3n%20Parcial%20%20Presidente%20de%20la%20Rep%FAblica%20Tr.%2060153.pdf,0,,1,https://ppless.asambleanacional.gob.ec/alfresco/d/d/workspace/SpacesStore/0e7af53e-c874-4f53-8fed-0385409d8bc1/Texto%20Definitivo.pdf,1,"https://ppless.asambleanacional.gob.ec/alfresco/d/d/workspace/SpacesStore/b9d11321-b94f-4e61-a406-4bd3ed2ce18a/Registro%20Oficial%20No.%20415%20Ley%20Reformatoria%20a%20la%20Ley%20de%20Transporte%20Terrestre,%20Tr%E1nsito%20y%20Seguridad%20Vial,%20publicada%20en%20el%20R.O.%20No-7.%20398%20de%207%20de%20agosto%20del%202008.pdf",1,,,,PSP
9/16/09,"Proyecto de Ley del Deporte, Educación Física y Recreación ",AN-2014-647,maldonado arboleda celso pablo,ASAMBLEÍSTA/S,Comisión del Derecho a la Salud y Deporte,Publicado /,1,"https://ppless.asambleanacional.gob.ec/alfresco/d/d/workspace/SpacesStore/c55a8f84-2f42-4dc2-afe7-732332741077/Proyecto%20de%20Ley%20del%20Deporte,%20Educaci%F3n%20F%EDsica%20y%20Recreaci%F3n%20Tr.%205034.pdf",1,https://ppless.asambleanacional.gob.ec/alfresco/d/d/workspace/SpacesStore/a3afa25d-0fb7-4fa2-ad94-f5772805dd1b/Informe%20Primer%20Debate%20Tr.%2012984.pdf,1,https://ppless.asambleanacional.gob.ec/alfresco/d/d/workspace/SpacesStore/51629651-a25f-4783-b490-7b5cfd7dbc8c/Informe%20Segundo%20Debate.pdf,1,https://ppless.asambleanacional.gob.ec/alfresco/d/d/workspace/SpacesStore/aa99651e-f31b-4e67-9696-f32fe5c1e67a/Texto%20Aprobado%20en%20el%20Pleno%20de%20la%20Asamblea%20-%20Enviado%20a%20Presidencia.pdf,1,https://ppless.asambleanacional.gob.ec/alfresco/d/d/workspace/SpacesStore/e8f85b9f-4283-4921-a599-0fd2e79813c4/Objecci%F3n%20Parcial%20%20Presidente%20de%20la%20Rep%FAblica.pdf,0,,1,https://ppless.asambleanacional.gob.ec/alfresco/d/d/workspace/SpacesStore/bcfd9674-72f7-490b-89fb-576a036a5be7/Texto%20Definitivo.pdf,1,"https://ppless.asambleanacional.gob.ec/alfresco/d/d/workspace/SpacesStore/3fd2a4c9-57d1-402c-b978-5c5ea071442d/Registro%20Oficial%20No.%20255%20Ley%20del%20Deporte,%20Educaci%F3n%20F%EDsica%20y%20Recreaci%F3n.pdf",1,,,,PAIS
9/8/09,Proyecto de Ley Orgánica de Educación General Intercultural,AN-2014-640,escala zambrano jorge elias,ASAMBLEÍSTA/S,"Comisión de Educación, Cultura, Ciencia, Tecnología, Innovación y Saberes Ancestrales",Publicado /,1,https://ppless.asambleanacional.gob.ec/alfresco/d/d/workspace/SpacesStore/f4f337e4-20ee-4a94-99f8-28d01237977c/Proyecto%20de%20Ley%20Org%E1nica%20de%20Educaci%F3n%20General%20Intercultural%20Tr.%204034.pdf,1,https://ppless.asambleanacional.gob.ec/alfresco/d/d/workspace/SpacesStore/b4422a50-2192-4c77-926a-53a59c51204d/Informe%20Primer%20Debate.pdf,1,https://ppless.asambleanacional.gob.ec/alfresco/d/d/workspace/SpacesStore/8326b741-c0ff-4a9e-9742-09bb749d8960/Informe%20Segundo%20Debate.pdf,1,https://ppless.asambleanacional.gob.ec/alfresco/d/d/workspace/SpacesStore/6d97b687-edf0-4766-a57a-1c2ea3ad11db/Texto%20Aprobado%20en%20el%20Pleno%20de%20la%20Asamblea%20-%20Enviado%20a%20Presidencia.pdf,1,https://ppless.asambleanacional.gob.ec/alfresco/d/d/workspace/SpacesStore/2eab44ab-9061-4bf1-b50c-a41115be7aa7/Objeci%F3n%20parcial%20Ley%20Educaci%F3n%20Intecultural.pdf,0,,1,https://ppless.asambleanacional.gob.ec/alfresco/d/d/workspace/SpacesStore/a1311b7f-e2fb-4108-ae74-3fe6b2d75f59/RO%20LEY%20DE%20ECUCACI%D3N%20INTERCULTURAL.pdf,1,https://ppless.asambleanacional.gob.ec/alfresco/d/d/workspace/SpacesStore/3c4a7bfe-932d-4cf3-998f-74b1f9cf0423/RO%20LEY%20DE%20ECUCACI%D3N%20INTERCULTURAL.pdf,1,,,,MPD
8/25/09,Proyecto de Ley Reformatoria al Código Penal Ecuatoriano,AN-2014-629,herreria bonnet pablo enrique,ASAMBLEÍSTA/S,Comisión de Justicia y Estructura del Estado,Publicado /,1,https://ppless.asambleanacional.gob.ec/alfresco/d/d/workspace/SpacesStore/70fa5008-a5d4-4b4b-bf7c-791b00f195b2/Proyecto%20de%20Ley%20Reformatoria%20al%20C%F3digo%20Penal%20Ecuatoriano.pdf,1,https://ppless.asambleanacional.gob.ec/alfresco/d/d/workspace/SpacesStore/88036f15-27d9-415b-92ef-4d7b1b34ec63/Informe%20Primer%20Debate%20Tr.%2016762.pdf,1,https://ppless.asambleanacional.gob.ec/alfresco/d/d/workspace/SpacesStore/aef24ae8-6e54-4ca8-b9a0-b6350829dab1/Informe%20Segundo%20Debate.pdf,1,https://ppless.asambleanacional.gob.ec/alfresco/d/d/workspace/SpacesStore/10cd6a0e-cd61-4b7a-9f69-acfc7a27af25/Texto%20Aprobado%20en%20el%20Pleno%20de%20la%20Asamblea%20-%20Enviado%20a%20Presidencia.pdf,1,https://ppless.asambleanacional.gob.ec/alfresco/d/d/workspace/SpacesStore/1c5d79a6-f6d2-4ecb-962a-cf8c441ece48/Objecci%F3n%20Parcial%20%20Presidente%20de%20la%20Rep%FAblica.pdf,0,,1,https://ppless.asambleanacional.gob.ec/alfresco/d/d/workspace/SpacesStore/39abf0cf-6d80-49e1-a7a1-d807a0b7d72d/Texto%20Definitivo.pdf,1,https://ppless.asambleanacional.gob.ec/alfresco/d/d/workspace/SpacesStore/b119bc43-0735-4dff-bca6-73c866487be5/Registro%20Oficial%20No.%20160%20Ley%20Reformatoria%20al%20C%F3digo%20Penal%20y%20C%F3digo%20de%20Procedimiento%20Penal.pdf,1,,,,PSC
8/24/09,Proyecto de Ley Orgánica de Educación Superior,AN-2014-625,escala zambrano jorge elias,ASAMBLEÍSTA/S,"Comisión de Educación, Cultura, Ciencia, Tecnología, Innovación y Saberes Ancestrales",Publicado /,1,https://ppless.asambleanacional.gob.ec/alfresco/d/d/workspace/SpacesStore/12357703-228e-4a11-9dc1-b997a9a1ce65/Proyecto%20de%20Ley%20Org%E1nica%20de%20Educaci%F3n%20Superior%20Tr.%202172.pdf,1,https://ppless.asambleanacional.gob.ec/alfresco/d/d/workspace/SpacesStore/11d93aea-ddbf-493e-b2db-3e5e8db779d9/Informe%20Primer%20Debate%20Tr.%2010466.pdf,1,https://ppless.asambleanacional.gob.ec/alfresco/d/d/workspace/SpacesStore/0d8908b5-ad8e-4e84-bdef-ca0f02747535/Informe%20Segundo%20Debate%20Tr.%2031222.pdf,1,https://ppless.asambleanacional.gob.ec/alfresco/d/d/workspace/SpacesStore/b7cf87b2-788a-459d-bd6a-09ecd63f8e7d/Texto%20Aprobado%20en%20el%20Pleno%20de%20la%20Asamblea%20-%20Enviado%20a%20Presidencia.pdf,1,https://ppless.asambleanacional.gob.ec/alfresco/d/d/workspace/SpacesStore/25b8b2e1-2623-4ede-81b4-2f9e00f01749/Objecci%F3n%20Parcial%20%20Presidente%20de%20la%20Rep%FAblica%20Tr.%2042836.pdf,0,,1,https://ppless.asambleanacional.gob.ec/alfresco/d/d/workspace/SpacesStore/7d647a94-532d-434c-ae2f-524e0e826d65/Texto%20Definitivo.pdf,1,https://ppless.asambleanacional.gob.ec/alfresco/d/d/workspace/SpacesStore/8a75aa61-e983-413e-9236-7ffa86cb4f99/Registro%20Oficial%20No.%20298%20Ley%20Org%E1nica%20de%20Educaci%F3n%20Superior.pdf,1,,,,MPD
5/21/09,Proyecto de Ley de Defensa del Comerciante Minorista y Trabajador Autónomo,AN-2014-606,escala zambrano jorge elias,ASAMBLEÍSTA/S,Comisión del Derecho al Trabajo y a la Seguridad Social,Archivado / Registro de Objeción Total,1,https://ppless.asambleanacional.gob.ec/alfresco/d/d/workspace/SpacesStore/05763e6d-eafe-4b9a-a826-4c972eeee6d2/Proyecto%20de%20Ley%20de%20Defensa%20del%20Comerciante%20Minorista%20y%20Trabajador%20Aut%F3nomo.pdf,1,https://ppless.asambleanacional.gob.ec/alfresco/d/d/workspace/SpacesStore/fbf71dba-d644-40ab-8ab4-c389bc14954b/Informe%20Primer%20Debate.pdf,1,https://ppless.asambleanacional.gob.ec/alfresco/d/d/workspace/SpacesStore/cf434abe-4ad0-477a-8f6e-b3a1ba8be323/Informe%20Segundo%20Debate%20Tr.%206354.pdf,1,https://ppless.asambleanacional.gob.ec/alfresco/d/d/workspace/SpacesStore/5b9d9265-5f1b-448f-abcc-aef4483ffd3b/Texto%20Aprobado%20en%20el%20Pleno%20de%20la%20Asamblea%20-%20Enviado%20a%20Presidencia.pdf,0,,1,https://ppless.asambleanacional.gob.ec/alfresco/d/d/workspace/SpacesStore/3f9b6df7-c3b2-4b2b-b778-906130f31613/Objeccion_Total_Presidente_de_la_Republica_Tr_62114.pdf,0,,0,,1,,,,MPD